"0","Jessica's Library","Games for my <bound method Provider.word of <faker.providers.lorem.en_US.Provider object at 0x7f1993ca7940>> club"
"1","Timothy's Library","Games for my <bound method Provider.word of <faker.providers.lorem.en_US.Provider object at 0x7f1993ca7940>> club"
"2","Brandi's Library","Games for my <bound method Provider.word of <faker.providers.lorem.en_US.Provider object at 0x7f1993ca7940>> club"
"3","Stephanie's Library","Games for my <bound method Provider.word of <faker.providers.lorem.en_US.Provider object at 0x7f1993ca7940>> club"
"4","Keith's Library","Games for my <bound method Provider.word of <faker.providers.lorem.en_US.Provider object at 0x7f1993ca7940>> club"
"5","Bonnie's Library","Games for my <bound method Provider.word of <faker.providers.lorem.en_US.Provider object at 0x7f1993ca7940>> club"
"6","Jake's Library","Games for my <bound method Provider.word of <faker.providers.lorem.en_US.Provider object at 0x7f1993ca7940>> club"
"7","Michael's Library","Games for my <bound method Provider.word of <faker.providers.lorem.en_US.Provider object at 0x7f1993ca7940>> club"
"8","Heather's Library","Games for my <bound method Provider.word of <faker.providers.lorem.en_US.Provider object at 0x7f1993ca7940>> club"
"9","Katelyn's Library","Games for my <bound method Provider.word of <faker.providers.lorem.en_US.Provider object at 0x7f1993ca7940>> club"
"10","Rhonda's Library","Games for my <bound method Provider.word of <faker.providers.lorem.en_US.Provider object at 0x7f1993ca7940>> club"
"11","Tracy's Library","Games for my <bound method Provider.word of <faker.providers.lorem.en_US.Provider object at 0x7f1993ca7940>> club"
"12","Ivan's Library","Games for my <bound method Provider.word of <faker.providers.lorem.en_US.Provider object at 0x7f1993ca7940>> club"
"13","Megan's Library","Games for my <bound method Provider.word of <faker.providers.lorem.en_US.Provider object at 0x7f1993ca7940>> club"
"14","Cory's Library","Games for my <bound method Provider.word of <faker.providers.lorem.en_US.Provider object at 0x7f1993ca7940>> club"
"15","Tanya's Library","Games for my <bound method Provider.word of <faker.providers.lorem.en_US.Provider object at 0x7f1993ca7940>> club"
"16","Jennifer's Library","Games for my <bound method Provider.word of <faker.providers.lorem.en_US.Provider object at 0x7f1993ca7940>> club"
"17","Ricky's Library","Games for my <bound method Provider.word of <faker.providers.lorem.en_US.Provider object at 0x7f1993ca7940>> club"
"18","Bryan's Library","Games for my <bound method Provider.word of <faker.providers.lorem.en_US.Provider object at 0x7f1993ca7940>> club"
"19","James's Library","Games for my <bound method Provider.word of <faker.providers.lorem.en_US.Provider object at 0x7f1993ca7940>> club"
"20","Carrie's Library","Games for my <bound method Provider.word of <faker.providers.lorem.en_US.Provider object at 0x7f1993ca7940>> club"
"21","Jason's Library","Games for my <bound method Provider.word of <faker.providers.lorem.en_US.Provider object at 0x7f1993ca7940>> club"
"22","Theresa's Library","Games for my <bound method Provider.word of <faker.providers.lorem.en_US.Provider object at 0x7f1993ca7940>> club"
"23","Barbara's Library","Games for my <bound method Provider.word of <faker.providers.lorem.en_US.Provider object at 0x7f1993ca7940>> club"
"24","Jeremy's Library","Games for my <bound method Provider.word of <faker.providers.lorem.en_US.Provider object at 0x7f1993ca7940>> club"
"25","Chelsea's Library","Games for my <bound method Provider.word of <faker.providers.lorem.en_US.Provider object at 0x7f1993ca7940>> club"
"26","Linda's Library","Games for my <bound method Provider.word of <faker.providers.lorem.en_US.Provider object at 0x7f1993ca7940>> club"
"27","Jeremy's Library","Games for my <bound method Provider.word of <faker.providers.lorem.en_US.Provider object at 0x7f1993ca7940>> club"
"28","Jonathan's Library","Games for my <bound method Provider.word of <faker.providers.lorem.en_US.Provider object at 0x7f1993ca7940>> club"
"29","Hailey's Library","Games for my <bound method Provider.word of <faker.providers.lorem.en_US.Provider object at 0x7f1993ca7940>> club"
"30","Julie's Library","Games for my <bound method Provider.word of <faker.providers.lorem.en_US.Provider object at 0x7f1993ca7940>> club"
"31","Ricky's Library","Games for my <bound method Provider.word of <faker.providers.lorem.en_US.Provider object at 0x7f1993ca7940>> club"
"32","Valerie's Library","Games for my <bound method Provider.word of <faker.providers.lorem.en_US.Provider object at 0x7f1993ca7940>> club"
"33","Maurice's Library","Games for my <bound method Provider.word of <faker.providers.lorem.en_US.Provider object at 0x7f1993ca7940>> club"
"34","Sherri's Library","Games for my <bound method Provider.word of <faker.providers.lorem.en_US.Provider object at 0x7f1993ca7940>> club"
"35","Aaron's Library","Games for my <bound method Provider.word of <faker.providers.lorem.en_US.Provider object at 0x7f1993ca7940>> club"
"36","Jordan's Library","Games for my <bound method Provider.word of <faker.providers.lorem.en_US.Provider object at 0x7f1993ca7940>> club"
"37","Tanya's Library","Games for my <bound method Provider.word of <faker.providers.lorem.en_US.Provider object at 0x7f1993ca7940>> club"
"38","Jennifer's Library","Games for my <bound method Provider.word of <faker.providers.lorem.en_US.Provider object at 0x7f1993ca7940>> club"
"39","Whitney's Library","Games for my <bound method Provider.word of <faker.providers.lorem.en_US.Provider object at 0x7f1993ca7940>> club"
"40","Michael's Library","Games for my <bound method Provider.word of <faker.providers.lorem.en_US.Provider object at 0x7f1993ca7940>> club"
"41","Derek's Library","Games for my <bound method Provider.word of <faker.providers.lorem.en_US.Provider object at 0x7f1993ca7940>> club"
"42","Mark's Library","Games for my <bound method Provider.word of <faker.providers.lorem.en_US.Provider object at 0x7f1993ca7940>> club"
"43","Alexandra's Library","Games for my <bound method Provider.word of <faker.providers.lorem.en_US.Provider object at 0x7f1993ca7940>> club"
"44","Angela's Library","Games for my <bound method Provider.word of <faker.providers.lorem.en_US.Provider object at 0x7f1993ca7940>> club"
"45","Christopher's Library","Games for my <bound method Provider.word of <faker.providers.lorem.en_US.Provider object at 0x7f1993ca7940>> club"
"46","Jessica's Library","Games for my <bound method Provider.word of <faker.providers.lorem.en_US.Provider object at 0x7f1993ca7940>> club"
"47","Jo's Library","Games for my <bound method Provider.word of <faker.providers.lorem.en_US.Provider object at 0x7f1993ca7940>> club"
"48","Kristin's Library","Games for my <bound method Provider.word of <faker.providers.lorem.en_US.Provider object at 0x7f1993ca7940>> club"
"49","Patrick's Library","Games for my <bound method Provider.word of <faker.providers.lorem.en_US.Provider object at 0x7f1993ca7940>> club"
"50","Stacie's Library","Games for my <bound method Provider.word of <faker.providers.lorem.en_US.Provider object at 0x7f1993ca7940>> club"
"51","Laura's Library","Games for my <bound method Provider.word of <faker.providers.lorem.en_US.Provider object at 0x7f1993ca7940>> club"
"52","Madison's Library","Games for my <bound method Provider.word of <faker.providers.lorem.en_US.Provider object at 0x7f1993ca7940>> club"
"53","Scott's Library","Games for my <bound method Provider.word of <faker.providers.lorem.en_US.Provider object at 0x7f1993ca7940>> club"
"54","Eric's Library","Games for my <bound method Provider.word of <faker.providers.lorem.en_US.Provider object at 0x7f1993ca7940>> club"
"55","Samantha's Library","Games for my <bound method Provider.word of <faker.providers.lorem.en_US.Provider object at 0x7f1993ca7940>> club"
"56","Christina's Library","Games for my <bound method Provider.word of <faker.providers.lorem.en_US.Provider object at 0x7f1993ca7940>> club"
"57","Cassandra's Library","Games for my <bound method Provider.word of <faker.providers.lorem.en_US.Provider object at 0x7f1993ca7940>> club"
"58","Matthew's Library","Games for my <bound method Provider.word of <faker.providers.lorem.en_US.Provider object at 0x7f1993ca7940>> club"
"59","Angela's Library","Games for my <bound method Provider.word of <faker.providers.lorem.en_US.Provider object at 0x7f1993ca7940>> club"
"60","Joseph's Library","Games for my <bound method Provider.word of <faker.providers.lorem.en_US.Provider object at 0x7f1993ca7940>> club"
"61","Lisa's Library","Games for my <bound method Provider.word of <faker.providers.lorem.en_US.Provider object at 0x7f1993ca7940>> club"
"62","William's Library","Games for my <bound method Provider.word of <faker.providers.lorem.en_US.Provider object at 0x7f1993ca7940>> club"
"63","Marc's Library","Games for my <bound method Provider.word of <faker.providers.lorem.en_US.Provider object at 0x7f1993ca7940>> club"
"64","Scott's Library","Games for my <bound method Provider.word of <faker.providers.lorem.en_US.Provider object at 0x7f1993ca7940>> club"
"65","Sarah's Library","Games for my <bound method Provider.word of <faker.providers.lorem.en_US.Provider object at 0x7f1993ca7940>> club"
"66","Henry's Library","Games for my <bound method Provider.word of <faker.providers.lorem.en_US.Provider object at 0x7f1993ca7940>> club"
"67","Stephen's Library","Games for my <bound method Provider.word of <faker.providers.lorem.en_US.Provider object at 0x7f1993ca7940>> club"
"68","Kenneth's Library","Games for my <bound method Provider.word of <faker.providers.lorem.en_US.Provider object at 0x7f1993ca7940>> club"
"69","Marcus's Library","Games for my <bound method Provider.word of <faker.providers.lorem.en_US.Provider object at 0x7f1993ca7940>> club"
"70","Timothy's Library","Games for my <bound method Provider.word of <faker.providers.lorem.en_US.Provider object at 0x7f1993ca7940>> club"
"71","Julia's Library","Games for my <bound method Provider.word of <faker.providers.lorem.en_US.Provider object at 0x7f1993ca7940>> club"
"72","Michele's Library","Games for my <bound method Provider.word of <faker.providers.lorem.en_US.Provider object at 0x7f1993ca7940>> club"
"73","Blake's Library","Games for my <bound method Provider.word of <faker.providers.lorem.en_US.Provider object at 0x7f1993ca7940>> club"
"74","Matthew's Library","Games for my <bound method Provider.word of <faker.providers.lorem.en_US.Provider object at 0x7f1993ca7940>> club"
"75","Brandy's Library","Games for my <bound method Provider.word of <faker.providers.lorem.en_US.Provider object at 0x7f1993ca7940>> club"
"76","Michael's Library","Games for my <bound method Provider.word of <faker.providers.lorem.en_US.Provider object at 0x7f1993ca7940>> club"
"77","Cheryl's Library","Games for my <bound method Provider.word of <faker.providers.lorem.en_US.Provider object at 0x7f1993ca7940>> club"
"78","Donna's Library","Games for my <bound method Provider.word of <faker.providers.lorem.en_US.Provider object at 0x7f1993ca7940>> club"
"79","Sean's Library","Games for my <bound method Provider.word of <faker.providers.lorem.en_US.Provider object at 0x7f1993ca7940>> club"
"80","Dawn's Library","Games for my <bound method Provider.word of <faker.providers.lorem.en_US.Provider object at 0x7f1993ca7940>> club"
"81","Mario's Library","Games for my <bound method Provider.word of <faker.providers.lorem.en_US.Provider object at 0x7f1993ca7940>> club"
"82","Allison's Library","Games for my <bound method Provider.word of <faker.providers.lorem.en_US.Provider object at 0x7f1993ca7940>> club"
"83","Dan's Library","Games for my <bound method Provider.word of <faker.providers.lorem.en_US.Provider object at 0x7f1993ca7940>> club"
"84","Anna's Library","Games for my <bound method Provider.word of <faker.providers.lorem.en_US.Provider object at 0x7f1993ca7940>> club"
"85","Claudia's Library","Games for my <bound method Provider.word of <faker.providers.lorem.en_US.Provider object at 0x7f1993ca7940>> club"
"86","Autumn's Library","Games for my <bound method Provider.word of <faker.providers.lorem.en_US.Provider object at 0x7f1993ca7940>> club"
"87","Roberta's Library","Games for my <bound method Provider.word of <faker.providers.lorem.en_US.Provider object at 0x7f1993ca7940>> club"
"88","Joseph's Library","Games for my <bound method Provider.word of <faker.providers.lorem.en_US.Provider object at 0x7f1993ca7940>> club"
"89","Charles's Library","Games for my <bound method Provider.word of <faker.providers.lorem.en_US.Provider object at 0x7f1993ca7940>> club"
"90","James's Library","Games for my <bound method Provider.word of <faker.providers.lorem.en_US.Provider object at 0x7f1993ca7940>> club"
"91","Pamela's Library","Games for my <bound method Provider.word of <faker.providers.lorem.en_US.Provider object at 0x7f1993ca7940>> club"
"92","Deborah's Library","Games for my <bound method Provider.word of <faker.providers.lorem.en_US.Provider object at 0x7f1993ca7940>> club"
"93","Harold's Library","Games for my <bound method Provider.word of <faker.providers.lorem.en_US.Provider object at 0x7f1993ca7940>> club"
"94","Makayla's Library","Games for my <bound method Provider.word of <faker.providers.lorem.en_US.Provider object at 0x7f1993ca7940>> club"
"95","Nancy's Library","Games for my <bound method Provider.word of <faker.providers.lorem.en_US.Provider object at 0x7f1993ca7940>> club"
"96","Maria's Library","Games for my <bound method Provider.word of <faker.providers.lorem.en_US.Provider object at 0x7f1993ca7940>> club"
"97","James's Library","Games for my <bound method Provider.word of <faker.providers.lorem.en_US.Provider object at 0x7f1993ca7940>> club"
"98","Christopher's Library","Games for my <bound method Provider.word of <faker.providers.lorem.en_US.Provider object at 0x7f1993ca7940>> club"
"99","Jessica's Library","Games for my <bound method Provider.word of <faker.providers.lorem.en_US.Provider object at 0x7f1993ca7940>> club"
"100","Jordan's Library","Games for my <bound method Provider.word of <faker.providers.lorem.en_US.Provider object at 0x7f1993ca7940>> club"
"101","Jennifer's Library","Games for my <bound method Provider.word of <faker.providers.lorem.en_US.Provider object at 0x7f1993ca7940>> club"
"102","Patricia's Library","Games for my <bound method Provider.word of <faker.providers.lorem.en_US.Provider object at 0x7f1993ca7940>> club"
"103","Alicia's Library","Games for my <bound method Provider.word of <faker.providers.lorem.en_US.Provider object at 0x7f1993ca7940>> club"
"104","Paige's Library","Games for my <bound method Provider.word of <faker.providers.lorem.en_US.Provider object at 0x7f1993ca7940>> club"
"105","Gerald's Library","Games for my <bound method Provider.word of <faker.providers.lorem.en_US.Provider object at 0x7f1993ca7940>> club"
"106","Gabrielle's Library","Games for my <bound method Provider.word of <faker.providers.lorem.en_US.Provider object at 0x7f1993ca7940>> club"
"107","Denise's Library","Games for my <bound method Provider.word of <faker.providers.lorem.en_US.Provider object at 0x7f1993ca7940>> club"
"108","Cynthia's Library","Games for my <bound method Provider.word of <faker.providers.lorem.en_US.Provider object at 0x7f1993ca7940>> club"
"109","John's Library","Games for my <bound method Provider.word of <faker.providers.lorem.en_US.Provider object at 0x7f1993ca7940>> club"
"110","Robert's Library","Games for my <bound method Provider.word of <faker.providers.lorem.en_US.Provider object at 0x7f1993ca7940>> club"
"111","Isaac's Library","Games for my <bound method Provider.word of <faker.providers.lorem.en_US.Provider object at 0x7f1993ca7940>> club"
"112","Yolanda's Library","Games for my <bound method Provider.word of <faker.providers.lorem.en_US.Provider object at 0x7f1993ca7940>> club"
"113","John's Library","Games for my <bound method Provider.word of <faker.providers.lorem.en_US.Provider object at 0x7f1993ca7940>> club"
"114","Andre's Library","Games for my <bound method Provider.word of <faker.providers.lorem.en_US.Provider object at 0x7f1993ca7940>> club"
"115","Joshua's Library","Games for my <bound method Provider.word of <faker.providers.lorem.en_US.Provider object at 0x7f1993ca7940>> club"
"116","Anthony's Library","Games for my <bound method Provider.word of <faker.providers.lorem.en_US.Provider object at 0x7f1993ca7940>> club"
"117","Alan's Library","Games for my <bound method Provider.word of <faker.providers.lorem.en_US.Provider object at 0x7f1993ca7940>> club"
"118","Jacob's Library","Games for my <bound method Provider.word of <faker.providers.lorem.en_US.Provider object at 0x7f1993ca7940>> club"
"119","James's Library","Games for my <bound method Provider.word of <faker.providers.lorem.en_US.Provider object at 0x7f1993ca7940>> club"
"120","Danielle's Library","Games for my <bound method Provider.word of <faker.providers.lorem.en_US.Provider object at 0x7f1993ca7940>> club"
"121","Walter's Library","Games for my <bound method Provider.word of <faker.providers.lorem.en_US.Provider object at 0x7f1993ca7940>> club"
"122","Robert's Library","Games for my <bound method Provider.word of <faker.providers.lorem.en_US.Provider object at 0x7f1993ca7940>> club"
"123","Destiny's Library","Games for my <bound method Provider.word of <faker.providers.lorem.en_US.Provider object at 0x7f1993ca7940>> club"
"124","Danielle's Library","Games for my <bound method Provider.word of <faker.providers.lorem.en_US.Provider object at 0x7f1993ca7940>> club"
"125","Jennifer's Library","Games for my <bound method Provider.word of <faker.providers.lorem.en_US.Provider object at 0x7f1993ca7940>> club"
"126","Michael's Library","Games for my <bound method Provider.word of <faker.providers.lorem.en_US.Provider object at 0x7f1993ca7940>> club"
"127","John's Library","Games for my <bound method Provider.word of <faker.providers.lorem.en_US.Provider object at 0x7f1993ca7940>> club"
"128","Christina's Library","Games for my <bound method Provider.word of <faker.providers.lorem.en_US.Provider object at 0x7f1993ca7940>> club"
"129","Christian's Library","Games for my <bound method Provider.word of <faker.providers.lorem.en_US.Provider object at 0x7f1993ca7940>> club"
"130","Cynthia's Library","Games for my <bound method Provider.word of <faker.providers.lorem.en_US.Provider object at 0x7f1993ca7940>> club"
"131","Seth's Library","Games for my <bound method Provider.word of <faker.providers.lorem.en_US.Provider object at 0x7f1993ca7940>> club"
"132","Nathan's Library","Games for my <bound method Provider.word of <faker.providers.lorem.en_US.Provider object at 0x7f1993ca7940>> club"
"133","Nicholas's Library","Games for my <bound method Provider.word of <faker.providers.lorem.en_US.Provider object at 0x7f1993ca7940>> club"
"134","Eric's Library","Games for my <bound method Provider.word of <faker.providers.lorem.en_US.Provider object at 0x7f1993ca7940>> club"
"135","Joan's Library","Games for my <bound method Provider.word of <faker.providers.lorem.en_US.Provider object at 0x7f1993ca7940>> club"
"136","Eric's Library","Games for my <bound method Provider.word of <faker.providers.lorem.en_US.Provider object at 0x7f1993ca7940>> club"
"137","James's Library","Games for my <bound method Provider.word of <faker.providers.lorem.en_US.Provider object at 0x7f1993ca7940>> club"
"138","Michelle's Library","Games for my <bound method Provider.word of <faker.providers.lorem.en_US.Provider object at 0x7f1993ca7940>> club"
"139","Timothy's Library","Games for my <bound method Provider.word of <faker.providers.lorem.en_US.Provider object at 0x7f1993ca7940>> club"
"140","Michelle's Library","Games for my <bound method Provider.word of <faker.providers.lorem.en_US.Provider object at 0x7f1993ca7940>> club"
"141","Kyle's Library","Games for my <bound method Provider.word of <faker.providers.lorem.en_US.Provider object at 0x7f1993ca7940>> club"
"142","William's Library","Games for my <bound method Provider.word of <faker.providers.lorem.en_US.Provider object at 0x7f1993ca7940>> club"
"143","Samantha's Library","Games for my <bound method Provider.word of <faker.providers.lorem.en_US.Provider object at 0x7f1993ca7940>> club"
"144","Andre's Library","Games for my <bound method Provider.word of <faker.providers.lorem.en_US.Provider object at 0x7f1993ca7940>> club"
"145","Lisa's Library","Games for my <bound method Provider.word of <faker.providers.lorem.en_US.Provider object at 0x7f1993ca7940>> club"
"146","Paul's Library","Games for my <bound method Provider.word of <faker.providers.lorem.en_US.Provider object at 0x7f1993ca7940>> club"
"147","Kelly's Library","Games for my <bound method Provider.word of <faker.providers.lorem.en_US.Provider object at 0x7f1993ca7940>> club"
"148","Vanessa's Library","Games for my <bound method Provider.word of <faker.providers.lorem.en_US.Provider object at 0x7f1993ca7940>> club"
"149","Cheryl's Library","Games for my <bound method Provider.word of <faker.providers.lorem.en_US.Provider object at 0x7f1993ca7940>> club"
"150","Shelby's Library","Games for my <bound method Provider.word of <faker.providers.lorem.en_US.Provider object at 0x7f1993ca7940>> club"
"151","Carol's Library","Games for my <bound method Provider.word of <faker.providers.lorem.en_US.Provider object at 0x7f1993ca7940>> club"
"152","Morgan's Library","Games for my <bound method Provider.word of <faker.providers.lorem.en_US.Provider object at 0x7f1993ca7940>> club"
"153","Kevin's Library","Games for my <bound method Provider.word of <faker.providers.lorem.en_US.Provider object at 0x7f1993ca7940>> club"
"154","Maria's Library","Games for my <bound method Provider.word of <faker.providers.lorem.en_US.Provider object at 0x7f1993ca7940>> club"
"155","Cynthia's Library","Games for my <bound method Provider.word of <faker.providers.lorem.en_US.Provider object at 0x7f1993ca7940>> club"
"156","Dakota's Library","Games for my <bound method Provider.word of <faker.providers.lorem.en_US.Provider object at 0x7f1993ca7940>> club"
"157","Cole's Library","Games for my <bound method Provider.word of <faker.providers.lorem.en_US.Provider object at 0x7f1993ca7940>> club"
"158","Dylan's Library","Games for my <bound method Provider.word of <faker.providers.lorem.en_US.Provider object at 0x7f1993ca7940>> club"
"159","Andrew's Library","Games for my <bound method Provider.word of <faker.providers.lorem.en_US.Provider object at 0x7f1993ca7940>> club"
"160","Gregory's Library","Games for my <bound method Provider.word of <faker.providers.lorem.en_US.Provider object at 0x7f1993ca7940>> club"
"161","Christine's Library","Games for my <bound method Provider.word of <faker.providers.lorem.en_US.Provider object at 0x7f1993ca7940>> club"
"162","William's Library","Games for my <bound method Provider.word of <faker.providers.lorem.en_US.Provider object at 0x7f1993ca7940>> club"
"163","Douglas's Library","Games for my <bound method Provider.word of <faker.providers.lorem.en_US.Provider object at 0x7f1993ca7940>> club"
"164","Stephen's Library","Games for my <bound method Provider.word of <faker.providers.lorem.en_US.Provider object at 0x7f1993ca7940>> club"
"165","Natalie's Library","Games for my <bound method Provider.word of <faker.providers.lorem.en_US.Provider object at 0x7f1993ca7940>> club"
"166","Laurie's Library","Games for my <bound method Provider.word of <faker.providers.lorem.en_US.Provider object at 0x7f1993ca7940>> club"
"167","Michael's Library","Games for my <bound method Provider.word of <faker.providers.lorem.en_US.Provider object at 0x7f1993ca7940>> club"
"168","Kathy's Library","Games for my <bound method Provider.word of <faker.providers.lorem.en_US.Provider object at 0x7f1993ca7940>> club"
"169","Steven's Library","Games for my <bound method Provider.word of <faker.providers.lorem.en_US.Provider object at 0x7f1993ca7940>> club"
"170","Stephanie's Library","Games for my <bound method Provider.word of <faker.providers.lorem.en_US.Provider object at 0x7f1993ca7940>> club"
"171","Willie's Library","Games for my <bound method Provider.word of <faker.providers.lorem.en_US.Provider object at 0x7f1993ca7940>> club"
"172","Sharon's Library","Games for my <bound method Provider.word of <faker.providers.lorem.en_US.Provider object at 0x7f1993ca7940>> club"
"173","Paul's Library","Games for my <bound method Provider.word of <faker.providers.lorem.en_US.Provider object at 0x7f1993ca7940>> club"
"174","Mark's Library","Games for my <bound method Provider.word of <faker.providers.lorem.en_US.Provider object at 0x7f1993ca7940>> club"
"175","Charles's Library","Games for my <bound method Provider.word of <faker.providers.lorem.en_US.Provider object at 0x7f1993ca7940>> club"
"176","John's Library","Games for my <bound method Provider.word of <faker.providers.lorem.en_US.Provider object at 0x7f1993ca7940>> club"
"177","Stephanie's Library","Games for my <bound method Provider.word of <faker.providers.lorem.en_US.Provider object at 0x7f1993ca7940>> club"
"178","Charles's Library","Games for my <bound method Provider.word of <faker.providers.lorem.en_US.Provider object at 0x7f1993ca7940>> club"
"179","Blake's Library","Games for my <bound method Provider.word of <faker.providers.lorem.en_US.Provider object at 0x7f1993ca7940>> club"
"180","James's Library","Games for my <bound method Provider.word of <faker.providers.lorem.en_US.Provider object at 0x7f1993ca7940>> club"
"181","Jennifer's Library","Games for my <bound method Provider.word of <faker.providers.lorem.en_US.Provider object at 0x7f1993ca7940>> club"
"182","Phillip's Library","Games for my <bound method Provider.word of <faker.providers.lorem.en_US.Provider object at 0x7f1993ca7940>> club"
"183","Dana's Library","Games for my <bound method Provider.word of <faker.providers.lorem.en_US.Provider object at 0x7f1993ca7940>> club"
"184","Tanya's Library","Games for my <bound method Provider.word of <faker.providers.lorem.en_US.Provider object at 0x7f1993ca7940>> club"
"185","Richard's Library","Games for my <bound method Provider.word of <faker.providers.lorem.en_US.Provider object at 0x7f1993ca7940>> club"
"186","Ashley's Library","Games for my <bound method Provider.word of <faker.providers.lorem.en_US.Provider object at 0x7f1993ca7940>> club"
"187","Daniel's Library","Games for my <bound method Provider.word of <faker.providers.lorem.en_US.Provider object at 0x7f1993ca7940>> club"
"188","Stephanie's Library","Games for my <bound method Provider.word of <faker.providers.lorem.en_US.Provider object at 0x7f1993ca7940>> club"
"189","Emily's Library","Games for my <bound method Provider.word of <faker.providers.lorem.en_US.Provider object at 0x7f1993ca7940>> club"
"190","Regina's Library","Games for my <bound method Provider.word of <faker.providers.lorem.en_US.Provider object at 0x7f1993ca7940>> club"
"191","Antonio's Library","Games for my <bound method Provider.word of <faker.providers.lorem.en_US.Provider object at 0x7f1993ca7940>> club"
"192","Sara's Library","Games for my <bound method Provider.word of <faker.providers.lorem.en_US.Provider object at 0x7f1993ca7940>> club"
"193","Emily's Library","Games for my <bound method Provider.word of <faker.providers.lorem.en_US.Provider object at 0x7f1993ca7940>> club"
"194","Marie's Library","Games for my <bound method Provider.word of <faker.providers.lorem.en_US.Provider object at 0x7f1993ca7940>> club"
"195","Dawn's Library","Games for my <bound method Provider.word of <faker.providers.lorem.en_US.Provider object at 0x7f1993ca7940>> club"
"196","Adam's Library","Games for my <bound method Provider.word of <faker.providers.lorem.en_US.Provider object at 0x7f1993ca7940>> club"
"197","Catherine's Library","Games for my <bound method Provider.word of <faker.providers.lorem.en_US.Provider object at 0x7f1993ca7940>> club"
"198","Jerry's Library","Games for my <bound method Provider.word of <faker.providers.lorem.en_US.Provider object at 0x7f1993ca7940>> club"
"199","Crystal's Library","Games for my <bound method Provider.word of <faker.providers.lorem.en_US.Provider object at 0x7f1993ca7940>> club"
"200","Michael's Library","Games for my <bound method Provider.word of <faker.providers.lorem.en_US.Provider object at 0x7f1993ca7940>> club"
"201","Mark's Library","Games for my <bound method Provider.word of <faker.providers.lorem.en_US.Provider object at 0x7f1993ca7940>> club"
"202","Anthony's Library","Games for my <bound method Provider.word of <faker.providers.lorem.en_US.Provider object at 0x7f1993ca7940>> club"
"203","Erica's Library","Games for my <bound method Provider.word of <faker.providers.lorem.en_US.Provider object at 0x7f1993ca7940>> club"
"204","Dana's Library","Games for my <bound method Provider.word of <faker.providers.lorem.en_US.Provider object at 0x7f1993ca7940>> club"
"205","Sandra's Library","Games for my <bound method Provider.word of <faker.providers.lorem.en_US.Provider object at 0x7f1993ca7940>> club"
"206","Jason's Library","Games for my <bound method Provider.word of <faker.providers.lorem.en_US.Provider object at 0x7f1993ca7940>> club"
"207","Susan's Library","Games for my <bound method Provider.word of <faker.providers.lorem.en_US.Provider object at 0x7f1993ca7940>> club"
"208","Larry's Library","Games for my <bound method Provider.word of <faker.providers.lorem.en_US.Provider object at 0x7f1993ca7940>> club"
"209","John's Library","Games for my <bound method Provider.word of <faker.providers.lorem.en_US.Provider object at 0x7f1993ca7940>> club"
"210","John's Library","Games for my <bound method Provider.word of <faker.providers.lorem.en_US.Provider object at 0x7f1993ca7940>> club"
"211","Vicki's Library","Games for my <bound method Provider.word of <faker.providers.lorem.en_US.Provider object at 0x7f1993ca7940>> club"
"212","Patty's Library","Games for my <bound method Provider.word of <faker.providers.lorem.en_US.Provider object at 0x7f1993ca7940>> club"
"213","Christina's Library","Games for my <bound method Provider.word of <faker.providers.lorem.en_US.Provider object at 0x7f1993ca7940>> club"
"214","Vernon's Library","Games for my <bound method Provider.word of <faker.providers.lorem.en_US.Provider object at 0x7f1993ca7940>> club"
"215","Ann's Library","Games for my <bound method Provider.word of <faker.providers.lorem.en_US.Provider object at 0x7f1993ca7940>> club"
"216","Joshua's Library","Games for my <bound method Provider.word of <faker.providers.lorem.en_US.Provider object at 0x7f1993ca7940>> club"
"217","Colleen's Library","Games for my <bound method Provider.word of <faker.providers.lorem.en_US.Provider object at 0x7f1993ca7940>> club"
"218","Deborah's Library","Games for my <bound method Provider.word of <faker.providers.lorem.en_US.Provider object at 0x7f1993ca7940>> club"
"219","Johnny's Library","Games for my <bound method Provider.word of <faker.providers.lorem.en_US.Provider object at 0x7f1993ca7940>> club"
"220","Anna's Library","Games for my <bound method Provider.word of <faker.providers.lorem.en_US.Provider object at 0x7f1993ca7940>> club"
"221","John's Library","Games for my <bound method Provider.word of <faker.providers.lorem.en_US.Provider object at 0x7f1993ca7940>> club"
"222","Regina's Library","Games for my <bound method Provider.word of <faker.providers.lorem.en_US.Provider object at 0x7f1993ca7940>> club"
"223","Kari's Library","Games for my <bound method Provider.word of <faker.providers.lorem.en_US.Provider object at 0x7f1993ca7940>> club"
"224","Mark's Library","Games for my <bound method Provider.word of <faker.providers.lorem.en_US.Provider object at 0x7f1993ca7940>> club"
"225","Steven's Library","Games for my <bound method Provider.word of <faker.providers.lorem.en_US.Provider object at 0x7f1993ca7940>> club"
"226","Sara's Library","Games for my <bound method Provider.word of <faker.providers.lorem.en_US.Provider object at 0x7f1993ca7940>> club"
"227","Kristi's Library","Games for my <bound method Provider.word of <faker.providers.lorem.en_US.Provider object at 0x7f1993ca7940>> club"
"228","Daniel's Library","Games for my <bound method Provider.word of <faker.providers.lorem.en_US.Provider object at 0x7f1993ca7940>> club"
"229","Matthew's Library","Games for my <bound method Provider.word of <faker.providers.lorem.en_US.Provider object at 0x7f1993ca7940>> club"
"230","Molly's Library","Games for my <bound method Provider.word of <faker.providers.lorem.en_US.Provider object at 0x7f1993ca7940>> club"
"231","Mathew's Library","Games for my <bound method Provider.word of <faker.providers.lorem.en_US.Provider object at 0x7f1993ca7940>> club"
"232","Tara's Library","Games for my <bound method Provider.word of <faker.providers.lorem.en_US.Provider object at 0x7f1993ca7940>> club"
"233","Jennifer's Library","Games for my <bound method Provider.word of <faker.providers.lorem.en_US.Provider object at 0x7f1993ca7940>> club"
"234","Brittany's Library","Games for my <bound method Provider.word of <faker.providers.lorem.en_US.Provider object at 0x7f1993ca7940>> club"
"235","Robert's Library","Games for my <bound method Provider.word of <faker.providers.lorem.en_US.Provider object at 0x7f1993ca7940>> club"
"236","Matthew's Library","Games for my <bound method Provider.word of <faker.providers.lorem.en_US.Provider object at 0x7f1993ca7940>> club"
"237","Sarah's Library","Games for my <bound method Provider.word of <faker.providers.lorem.en_US.Provider object at 0x7f1993ca7940>> club"
"238","Amber's Library","Games for my <bound method Provider.word of <faker.providers.lorem.en_US.Provider object at 0x7f1993ca7940>> club"
"239","Allison's Library","Games for my <bound method Provider.word of <faker.providers.lorem.en_US.Provider object at 0x7f1993ca7940>> club"
"240","Kevin's Library","Games for my <bound method Provider.word of <faker.providers.lorem.en_US.Provider object at 0x7f1993ca7940>> club"
"241","Meghan's Library","Games for my <bound method Provider.word of <faker.providers.lorem.en_US.Provider object at 0x7f1993ca7940>> club"
"242","Jennifer's Library","Games for my <bound method Provider.word of <faker.providers.lorem.en_US.Provider object at 0x7f1993ca7940>> club"
"243","Karen's Library","Games for my <bound method Provider.word of <faker.providers.lorem.en_US.Provider object at 0x7f1993ca7940>> club"
"244","Cynthia's Library","Games for my <bound method Provider.word of <faker.providers.lorem.en_US.Provider object at 0x7f1993ca7940>> club"
"245","Denise's Library","Games for my <bound method Provider.word of <faker.providers.lorem.en_US.Provider object at 0x7f1993ca7940>> club"
"246","Joshua's Library","Games for my <bound method Provider.word of <faker.providers.lorem.en_US.Provider object at 0x7f1993ca7940>> club"
"247","Duane's Library","Games for my <bound method Provider.word of <faker.providers.lorem.en_US.Provider object at 0x7f1993ca7940>> club"
"248","Mark's Library","Games for my <bound method Provider.word of <faker.providers.lorem.en_US.Provider object at 0x7f1993ca7940>> club"
"249","Joshua's Library","Games for my <bound method Provider.word of <faker.providers.lorem.en_US.Provider object at 0x7f1993ca7940>> club"
"250","Laura's Library","Games for my <bound method Provider.word of <faker.providers.lorem.en_US.Provider object at 0x7f1993ca7940>> club"
"251","Bobby's Library","Games for my <bound method Provider.word of <faker.providers.lorem.en_US.Provider object at 0x7f1993ca7940>> club"
"252","Steven's Library","Games for my <bound method Provider.word of <faker.providers.lorem.en_US.Provider object at 0x7f1993ca7940>> club"
"253","Laura's Library","Games for my <bound method Provider.word of <faker.providers.lorem.en_US.Provider object at 0x7f1993ca7940>> club"
"254","Susan's Library","Games for my <bound method Provider.word of <faker.providers.lorem.en_US.Provider object at 0x7f1993ca7940>> club"
"255","Michael's Library","Games for my <bound method Provider.word of <faker.providers.lorem.en_US.Provider object at 0x7f1993ca7940>> club"
"256","Amy's Library","Games for my <bound method Provider.word of <faker.providers.lorem.en_US.Provider object at 0x7f1993ca7940>> club"
"257","Laura's Library","Games for my <bound method Provider.word of <faker.providers.lorem.en_US.Provider object at 0x7f1993ca7940>> club"
"258","Lauren's Library","Games for my <bound method Provider.word of <faker.providers.lorem.en_US.Provider object at 0x7f1993ca7940>> club"
"259","Kristin's Library","Games for my <bound method Provider.word of <faker.providers.lorem.en_US.Provider object at 0x7f1993ca7940>> club"
"260","Jasmine's Library","Games for my <bound method Provider.word of <faker.providers.lorem.en_US.Provider object at 0x7f1993ca7940>> club"
"261","Alicia's Library","Games for my <bound method Provider.word of <faker.providers.lorem.en_US.Provider object at 0x7f1993ca7940>> club"
"262","Anthony's Library","Games for my <bound method Provider.word of <faker.providers.lorem.en_US.Provider object at 0x7f1993ca7940>> club"
"263","Jerome's Library","Games for my <bound method Provider.word of <faker.providers.lorem.en_US.Provider object at 0x7f1993ca7940>> club"
"264","Christopher's Library","Games for my <bound method Provider.word of <faker.providers.lorem.en_US.Provider object at 0x7f1993ca7940>> club"
"265","Crystal's Library","Games for my <bound method Provider.word of <faker.providers.lorem.en_US.Provider object at 0x7f1993ca7940>> club"
"266","Amanda's Library","Games for my <bound method Provider.word of <faker.providers.lorem.en_US.Provider object at 0x7f1993ca7940>> club"
"267","Alexis's Library","Games for my <bound method Provider.word of <faker.providers.lorem.en_US.Provider object at 0x7f1993ca7940>> club"
"268","Matthew's Library","Games for my <bound method Provider.word of <faker.providers.lorem.en_US.Provider object at 0x7f1993ca7940>> club"
"269","Nathaniel's Library","Games for my <bound method Provider.word of <faker.providers.lorem.en_US.Provider object at 0x7f1993ca7940>> club"
"270","Evan's Library","Games for my <bound method Provider.word of <faker.providers.lorem.en_US.Provider object at 0x7f1993ca7940>> club"
"271","Alicia's Library","Games for my <bound method Provider.word of <faker.providers.lorem.en_US.Provider object at 0x7f1993ca7940>> club"
"272","Julie's Library","Games for my <bound method Provider.word of <faker.providers.lorem.en_US.Provider object at 0x7f1993ca7940>> club"
"273","Rhonda's Library","Games for my <bound method Provider.word of <faker.providers.lorem.en_US.Provider object at 0x7f1993ca7940>> club"
"274","Lori's Library","Games for my <bound method Provider.word of <faker.providers.lorem.en_US.Provider object at 0x7f1993ca7940>> club"
"275","Shane's Library","Games for my <bound method Provider.word of <faker.providers.lorem.en_US.Provider object at 0x7f1993ca7940>> club"
"276","Sandra's Library","Games for my <bound method Provider.word of <faker.providers.lorem.en_US.Provider object at 0x7f1993ca7940>> club"
"277","Stephen's Library","Games for my <bound method Provider.word of <faker.providers.lorem.en_US.Provider object at 0x7f1993ca7940>> club"
"278","Mark's Library","Games for my <bound method Provider.word of <faker.providers.lorem.en_US.Provider object at 0x7f1993ca7940>> club"
"279","Yolanda's Library","Games for my <bound method Provider.word of <faker.providers.lorem.en_US.Provider object at 0x7f1993ca7940>> club"
"280","Brian's Library","Games for my <bound method Provider.word of <faker.providers.lorem.en_US.Provider object at 0x7f1993ca7940>> club"
"281","Jennifer's Library","Games for my <bound method Provider.word of <faker.providers.lorem.en_US.Provider object at 0x7f1993ca7940>> club"
"282","Gene's Library","Games for my <bound method Provider.word of <faker.providers.lorem.en_US.Provider object at 0x7f1993ca7940>> club"
"283","Jacob's Library","Games for my <bound method Provider.word of <faker.providers.lorem.en_US.Provider object at 0x7f1993ca7940>> club"
"284","Christine's Library","Games for my <bound method Provider.word of <faker.providers.lorem.en_US.Provider object at 0x7f1993ca7940>> club"
"285","Dwayne's Library","Games for my <bound method Provider.word of <faker.providers.lorem.en_US.Provider object at 0x7f1993ca7940>> club"
"286","Matthew's Library","Games for my <bound method Provider.word of <faker.providers.lorem.en_US.Provider object at 0x7f1993ca7940>> club"
"287","Chelsea's Library","Games for my <bound method Provider.word of <faker.providers.lorem.en_US.Provider object at 0x7f1993ca7940>> club"
"288","Megan's Library","Games for my <bound method Provider.word of <faker.providers.lorem.en_US.Provider object at 0x7f1993ca7940>> club"
"289","Brandon's Library","Games for my <bound method Provider.word of <faker.providers.lorem.en_US.Provider object at 0x7f1993ca7940>> club"
"290","Stephanie's Library","Games for my <bound method Provider.word of <faker.providers.lorem.en_US.Provider object at 0x7f1993ca7940>> club"
"291","Robert's Library","Games for my <bound method Provider.word of <faker.providers.lorem.en_US.Provider object at 0x7f1993ca7940>> club"
"292","Daniel's Library","Games for my <bound method Provider.word of <faker.providers.lorem.en_US.Provider object at 0x7f1993ca7940>> club"
"293","David's Library","Games for my <bound method Provider.word of <faker.providers.lorem.en_US.Provider object at 0x7f1993ca7940>> club"
"294","Robert's Library","Games for my <bound method Provider.word of <faker.providers.lorem.en_US.Provider object at 0x7f1993ca7940>> club"
"295","Taylor's Library","Games for my <bound method Provider.word of <faker.providers.lorem.en_US.Provider object at 0x7f1993ca7940>> club"
"296","Andrea's Library","Games for my <bound method Provider.word of <faker.providers.lorem.en_US.Provider object at 0x7f1993ca7940>> club"
"297","Mark's Library","Games for my <bound method Provider.word of <faker.providers.lorem.en_US.Provider object at 0x7f1993ca7940>> club"
"298","Michael's Library","Games for my <bound method Provider.word of <faker.providers.lorem.en_US.Provider object at 0x7f1993ca7940>> club"
"299","Anthony's Library","Games for my <bound method Provider.word of <faker.providers.lorem.en_US.Provider object at 0x7f1993ca7940>> club"
