"0","Gary Cross","tamaramorrison@hotmail.com","pbkdf2:sha256:260000$0n2DiHo05NjwrVam$69c111b0d1367d3aa38b0ec6f461b41ba1751233ec1d54e56cb8db2b6453b550","Before something first drug contain start.","https://thumbs.dreamstime.com/b/grizzly-bear-big-wild-bear-wearing-cylinder-top-hat-vintage-style-drawing-animal-94276749.jpg"
"1","Jacqueline Jackson","susanlopez@gmail.com","pbkdf2:sha256:260000$TAhfvTP2tpmekXT9$cb813eff63369e7e51b29cfad9d355bc51596f4940b7d02ccf7a5c33b0990a4c","Road article quickly name per.","https://cdn.thisiswhyimbroke.com/images/top-hats-for-small-pets-pamperedbeardies-640x533.jpg"
"2","Melissa Moore","olopez@gmail.com","pbkdf2:sha256:260000$YOzq4y6bpBkzFOAZ$04d93f442c587fcfda331d7b386fa92c1c9acfb71f6f90a7275c22b59e3107e3","Would I question first.","https://render.fineartamerica.com/images/images-profile-flow/400/images/artworkimages/mediumlarge/3/edwardian-gentleman-fox-michael-thomas.jpg"
"3","Todd Browning","williamsfrank@hotmail.com","pbkdf2:sha256:260000$Go2mRopXH81hLKNe$3b414ad090090afad401ccc9b97155e440beb158ad50c8fd761068ece92f1611","House nature fall long dream answer.","https://s7d2.scene7.com/is/image/TWCNews/0916_alligator_wildlifecenterwebsite_09162022"
"4","Daniel Duarte","jward@gmail.com","pbkdf2:sha256:260000$HaIj8KDEpOSZau9W$85b293f4de78520f3cd5ac38620d12d5153cf1240fb5b89f1f898de92dc71a54","Chance image quite there many true follow.","https://thumbs.dreamstime.com/b/grizzly-bear-big-wild-bear-wearing-cylinder-top-hat-vintage-style-drawing-animal-94276749.jpg"
"5","James Reyes","johnsonchristina@hotmail.com","pbkdf2:sha256:260000$BbDH5Tfr3KTZuz8R$c25312d61937856f30800e0bebd508042d37630c21c8bc7a22d255ca9fb5f6b8","Record power crime situation.","https://1.bp.blogspot.com/-S18BtoPojgY/YStGru4ieCI/AAAAAAABeXI/98hL291YN40WZVRcuRK_R3y1DM8rkCxIACLcBGAsYHQ/s16000/Time%2BFound%2BTails1.jpg"
"6","Amanda Griffin","harrisemily@gmail.com","pbkdf2:sha256:260000$1vScobCGoYFU9i38$aed5f4178d05a9a0ea710b221ad828154f5533b2963b665151344616efaf2a7a","Fall ready usually.","https://i.pinimg.com/originals/5d/2f/7e/5d2f7e9e7148efbce1ddc0c512cab312.jpg"
"7","Patrick Thomas","daniel92@hotmail.com","pbkdf2:sha256:260000$m15D2eL9zurGaUDZ$2590e7b591dfd7a6d7452728725295accefd51978547e57397517c3fd851cf86","Control instead company where future model.","https://i.pinimg.com/originals/5d/2f/7e/5d2f7e9e7148efbce1ddc0c512cab312.jpg"
"8","Scott Macdonald","ericterry@yahoo.com","pbkdf2:sha256:260000$xaAoOuMV4bFe996h$2e387224c390589ceba8d12a248d7af637dd7170b9c799457c131e8e11db5334","Life nice federal place score design major maybe.","https://cdn.thisiswhyimbroke.com/images/top-hats-for-small-pets-pamperedbeardies-640x533.jpg"
"9","Angela Lopez","williamsmichael@yahoo.com","pbkdf2:sha256:260000$tStH92zhhRmGDbBy$e58f575fad8cf97dc2d5f20e940cc2a1be28d83497c7e372c5242519c401927a","Cell skill quite.","https://thumbs.dreamstime.com/b/wild-bear-portrait-animal-head-grizzly-bowler-hat-215607557.jpg"
"10","Brittany Henson","qherrera@yahoo.com","pbkdf2:sha256:260000$VYRdQ62y02davNO9$cf55cde938f95b0cfeba7eef0576d8410a8c57bf0ed7023827b1fca64eeb7a6b","Budget situation between.","https://st3.depositphotos.com/2800301/15669/i/450/depositphotos_156699968-stock-photo-brown-bear-russian-bear-wearing.jpg"
"11","Stephanie Rodriguez","patrick03@gmail.com","pbkdf2:sha256:260000$WuSxJEMxKjVkQBzz$d70189b69c92f9cb3972098d839c50e244ce2a14bcc6dbcfd147318a412bdb09","Gas kid rise price employee.","https://thumbs.dreamstime.com/b/grizzly-bear-big-wild-bear-wearing-cylinder-top-hat-vintage-style-drawing-animal-94276749.jpg"
"12","Stephanie Newton","emily73@hotmail.com","pbkdf2:sha256:260000$0IDELjPeQQXrDToN$0acd8a1664e3b5888532fb3c6633f8fcedbf779d42f3bf7033138fe75bed6e02","Save identify establish manage.","https://static.boredpanda.com/blog/wp-content/uploads/2015/11/cute-snakes-wear-hats-101__700.jpg"
"13","Gloria Smith","rfischer@yahoo.com","pbkdf2:sha256:260000$sg5ycU99odRZfLA0$1db63034d067c44857ad83ced837106755f3945dad9ab5426a4c3f6e781ad875","Investment yard responsibility.","https://cdn11.bigcommerce.com/s-hzrdyz5h6m/images/stencil/2048x2048/products/145/518/Mad-Hatter-Mardi-Gras-hat-f__95469.1491956771.jpg?c=2"
"14","David Macias","mark06@yahoo.com","pbkdf2:sha256:260000$m2W0EOkf0zsrqnu9$770b965867b3694e0d5d98f127c8b883473799bd46ddca7fdce78b105d6e5956","Among not girl above.","https://i.pinimg.com/originals/5d/2f/7e/5d2f7e9e7148efbce1ddc0c512cab312.jpg"
"15","Kelly Mckinney","gutierrezbryan@yahoo.com","pbkdf2:sha256:260000$O7r8322PfgdGpom2$ce75a7f6e7476dac5039e4ce32ba3b2c5c48d1871b4dbc5c3ed257e0908de1e7","Treatment over some collection truth unit.","https://1.bp.blogspot.com/-S18BtoPojgY/YStGru4ieCI/AAAAAAABeXI/98hL291YN40WZVRcuRK_R3y1DM8rkCxIACLcBGAsYHQ/s16000/Time%2BFound%2BTails1.jpg"
"16","Taylor Murphy","martinbrandy@hotmail.com","pbkdf2:sha256:260000$RnH4beGV2GJfou57$ae2eaa990806c5da135562592ca6c7316b03b96ec9682f0d4ca45a46b613338d","Yourself affect station member.","https://cdn11.bigcommerce.com/s-hzrdyz5h6m/images/stencil/2048x2048/products/145/518/Mad-Hatter-Mardi-Gras-hat-f__95469.1491956771.jpg?c=2"
"17","Micheal Munoz","carterryan@hotmail.com","pbkdf2:sha256:260000$z4LEYb5w1Yohw2t2$27477751b88d88a3452294c0b44d517d565bb552f08f25de95247d0bae3c4756","Heart decade care book ground.","https://static.boredpanda.com/blog/wp-content/uploads/2015/11/cute-snakes-wear-hats-101__700.jpg"
"18","Maria Harris","deleonwilliam@gmail.com","pbkdf2:sha256:260000$kqjSoZelfmItiK2O$226b087053ce4cc01f5fc1f94ee41bc512c691f6b9bf38fe0b8512365015e536","These military part decade.","https://img1.goodfon.com/wallpaper/nbig/a/2e/kot-koshka-pan-kot-uchenyy.jpg"
"19","Brian Kennedy","tamara23@yahoo.com","pbkdf2:sha256:260000$AzgO9NzyqMXnLjkX$40506fea328a7388f0e07a31bab4a49d8c5a628f92c4cb57cf29bcd2b30090be","Process sit executive partner story budget great.","https://images.fineartamerica.com/images-medium-5/cute-dog-in-an-unusual-hat--vector-vitaly-grin.jpg"
"20","Aimee Nichols","meyerchristine@yahoo.com","pbkdf2:sha256:260000$QaK1xTZ9wlG4vJ1E$35e8a997e360a2015ad9082dfcc4e6c4a5b846f91afcc5a5823abe4b822161c8","Computer doctor up high southern job high.","https://render.fineartamerica.com/images/images-profile-flow/400/images/artworkimages/mediumlarge/3/edwardian-gentleman-fox-michael-thomas.jpg"
"21","Jamie Cunningham","denise92@hotmail.com","pbkdf2:sha256:260000$Jp95oEABRfcejT5g$d0dec7272cd545c1d4cd9748ce6e6488d8b558cecae9a7bb3b619804f8ed6141","Could usually piece but.","https://i.chzbgr.com/full/9563699200/hA5030140/hat"
"22","Ashley Sheppard","meghan71@gmail.com","pbkdf2:sha256:260000$qIGDLqA4Wbomg21W$652324bfa5c0a3367e284704ce20810d576a10fd67c41494ea772f061878c75a","Seem west hour less.","https://s7d2.scene7.com/is/image/TWCNews/0916_alligator_wildlifecenterwebsite_09162022"
"23","Willie Mendoza","morganandrea@gmail.com","pbkdf2:sha256:260000$cuYjQZRw2mkTxdSK$c75d047b45d415731615422704b1ef5d82d99a53cb3c59cd7ea34dfd63efb5cf","Pm election case.","https://render.fineartamerica.com/images/images-profile-flow/400/images/artworkimages/mediumlarge/3/edwardian-gentleman-fox-michael-thomas.jpg"
"24","Logan Carter","houstondanielle@yahoo.com","pbkdf2:sha256:260000$NiYiS9PY5M7lUfok$3cbfceaf437ac29cfc8f0355500038e92c659617c99aa7e1f51e8d46af2d923c","First natural without any remain support.","https://i.imgur.com/0JwHWJy.jpg"
"25","Stacie Warren","nicoleperkins@gmail.com","pbkdf2:sha256:260000$O59W3vHXQaPMyIKd$983b9620b4293d72bdb47c8a523533807edc9325738825db145b1e92286c31c5","Model similar sometimes talk remember.","https://1.bp.blogspot.com/-S18BtoPojgY/YStGru4ieCI/AAAAAAABeXI/98hL291YN40WZVRcuRK_R3y1DM8rkCxIACLcBGAsYHQ/s16000/Time%2BFound%2BTails1.jpg"
"26","John Gross","grobinson@gmail.com","pbkdf2:sha256:260000$5cu2aH4KwREDRXUo$51f034986b88272cc9e005c1d17645259d0e580160006ef7055c30213e58a7ba","Space military tonight sing.","https://static.boredpanda.com/blog/wp-content/uploads/2015/11/cute-snakes-wear-hats-101__700.jpg"
"27","Oscar Garrison","owillis@gmail.com","pbkdf2:sha256:260000$tRWB3srYFPvRBO0O$2d758d5ce438b7d7cf0b7e87dc1837a7411199e21542e7bbc56fab6df8574cd7","Today all positive us maybe information.","https://cdn11.bigcommerce.com/s-hzrdyz5h6m/images/stencil/2048x2048/products/145/518/Mad-Hatter-Mardi-Gras-hat-f__95469.1491956771.jpg?c=2"
"28","William Blackwell","annwinters@hotmail.com","pbkdf2:sha256:260000$cRXwYRA1ylSceJ1t$7ddaa1aa25850d2c9256b9f4faf27dc6dc065e64bc13c9f568cefd939039a09d","Western store office explain education idea across player.","https://static.boredpanda.com/blog/wp-content/uploads/2015/11/cute-snakes-wear-hats-101__700.jpg"
"29","Rachael Diaz","destinywoods@hotmail.com","pbkdf2:sha256:260000$DDgAXTeSYAYIiqMc$f73b74c3aa20f008c51a3e26ec0f253432f7e9fa3c1bcb631457aa02dc25b49b","Two seven lose probably.","https://media-exp1.licdn.com/dms/image/C4D03AQFecN8e0B8GTQ/profile-displayphoto-shrink_800_800/0/1645489506188?e=2147483647&v=beta&t=fC3SXWcuOVNOhwXNbSqJ87inFn-LWqeQt28jGLJ2Xw4"
"30","Michael Davis","haley65@hotmail.com","pbkdf2:sha256:260000$0ofFprRqCXlCO8VD$0964ad8943ea9bddac09bd2755db8b33f550290c2fefa047da6e37b807689474","Approach trip throughout free civil entire.","https://ae01.alicdn.com/kf/S82dd04b8354e4d538eb5b1a2f92724efa/Small-Animals-Hats-Rabbit-Guinea-Pig-Hamster-Totoro-Hedgehog-Hat-And-Bow-Tie-Top-Hat-Pet.jpg"
"31","Chad Bridges","barnesdustin@hotmail.com","pbkdf2:sha256:260000$cZq4cxZt10MfEAOX$8ecaa2f848963b5f6c3a3aa9ff9f20da40f355187560781dd50510daf941ebd3","Five detail company first thing discuss power.","https://static.boredpanda.com/blog/wp-content/uploads/2015/11/cute-snakes-wear-hats-106__700.jpg"
"32","Dalton Fritz","palmercassandra@hotmail.com","pbkdf2:sha256:260000$iZKqjyPHrxQ8ugZ8$76a67ab4b6018cbc86cbcc5e2d3441ef460cdb7f44460e98d78db33b4ed5bb68","Police it house political energy song policy.","https://i.chzbgr.com/full/9563699200/hA5030140/hat"
"33","Kelly Coleman DDS","cgiles@yahoo.com","pbkdf2:sha256:260000$nlpDiIJcQhvVMNUz$229461e8ce18e9c4a26b07f30d2c2b6929235633b3936afe32fa030c8eaab510","Of radio positive better management minute air.","https://static.boredpanda.com/blog/wp-content/uploads/2015/11/cute-snakes-wear-hats-106__700.jpg"
"34","Michael Thomas DVM","jlane@gmail.com","pbkdf2:sha256:260000$MshuRIdZEywc3hye$2d437063495c6cde0d063bbcd125485138dc0f063b69799935550ee5b166e340","Resource pretty write under fear knowledge.","https://amorphia-apparel.com/storage/images/sir-tardigrade/sir-tardigrade.1300x700.png?63d82fc46612ddd8001eae2947e6f9f0"
"35","Timothy Hayden","aanderson@hotmail.com","pbkdf2:sha256:260000$6kNjiDYR4uyOzpdD$11201469d54b5665a5d47267cf47b2cf79164bf729630c6ba70093abde69dc70","Pressure down PM benefit arm subject.","https://cdn.thisiswhyimbroke.com/images/top-hats-for-small-pets-pamperedbeardies-640x533.jpg"
"36","Kenneth Castro","tgilmore@yahoo.com","pbkdf2:sha256:260000$Ov3yDlO3qO2iKK2K$1da6628760092bf40c2784d984f0a55916d776b80184a32f3196f459ec0a474b","Simple cost develop left poor.","https://thumbs.dreamstime.com/b/grizzly-bear-big-wild-bear-wearing-cylinder-top-hat-vintage-style-drawing-animal-94276749.jpg"
"37","Daniel Patterson","justinbonilla@hotmail.com","pbkdf2:sha256:260000$sPXQsYxVeGvuQ9CQ$2874df3d65ce1a74b322a4d6f40f2189d14a01a21c703ef109ecd36b9a7e9591","Itself eye magazine human station truth house try.","https://amorphia-apparel.com/storage/images/sir-tardigrade/sir-tardigrade.1300x700.png?63d82fc46612ddd8001eae2947e6f9f0"
"38","Jordan Parker","richardsandrew@hotmail.com","pbkdf2:sha256:260000$SZjIuijGwgIfVEqF$5bd316520df15c618b120535f1c4d9142297ac428263b17bc0c7b9c50df274fb","Somebody baby assume since.","https://static.boredpanda.com/blog/wp-content/uploads/2015/11/cute-snakes-wear-hats-101__700.jpg"
"39","Frank Galloway","kimberly24@gmail.com","pbkdf2:sha256:260000$K9Iv5p7pfahRkK9x$b532998e24d02dbf736c38cc82b6fc4dc8a32d4bdf3c063a7f57185bad15b5b7","Reveal yet possible account question.","https://1.bp.blogspot.com/-S18BtoPojgY/YStGru4ieCI/AAAAAAABeXI/98hL291YN40WZVRcuRK_R3y1DM8rkCxIACLcBGAsYHQ/s16000/Time%2BFound%2BTails1.jpg"
"40","Ricky Barnes","rebekahsmith@hotmail.com","pbkdf2:sha256:260000$hx3nZcUHur8Vd8Dm$b500e5aef4e916dea680f5ec1441a4e0c0ebc8e27026ffa2ae9c59b67ac55cc0","You economy huge miss.","https://cdn11.bigcommerce.com/s-hzrdyz5h6m/images/stencil/2048x2048/products/145/518/Mad-Hatter-Mardi-Gras-hat-f__95469.1491956771.jpg?c=2"
"41","Kayla Long","turnersamantha@yahoo.com","pbkdf2:sha256:260000$ZyxChAor2Y8CQLEG$e9fa7ae79a0290cc9d87b61af74c951dc951548f2676babba9de4bde4ce47146","Form think person.","https://metro.co.uk/wp-content/uploads/2014/07/ad_141155444.jpg?quality=90&strip=all"
"42","Matthew Duarte","myerstodd@gmail.com","pbkdf2:sha256:260000$Y9dab1yprw9N459o$7d6c66a32cef8fbaa75540b279a3f7f1d9d611ace9214166b1e1dc05bc6eec43","Around both place strong.","https://i.imgur.com/0JwHWJy.jpg"
"43","Albert Cohen","yolandabraun@gmail.com","pbkdf2:sha256:260000$V8Tc7rYatNnmFa94$d799ff7c418b82a6d58016e5471ff8aa8c2c779f667674470f6abac046b33dd6","Wish loss cause.","https://i.etsystatic.com/9981514/r/il/655f00/1824248823/il_570xN.1824248823_ol7t.jpg"
"44","Perry Mcfarland Jr.","bgiles@gmail.com","pbkdf2:sha256:260000$qPBr2SK4Qfue5tpQ$cdaf8eb40fafbb9b812007970ef74acc7f24a45d3172bf7c05c9b01ac722fd3f","Middle reflect yes.","https://thumbs.dreamstime.com/b/wild-bear-portrait-animal-head-grizzly-bowler-hat-215607557.jpg"
"45","James Klein","lindsayturner@yahoo.com","pbkdf2:sha256:260000$9MrVHeROF4Kn8Jr3$3c657035fb8a15bac298e6b08da8145f246761ee23e13ab36bdad3138aa12b3f","Majority know participant traditional.","https://i.etsystatic.com/9981514/r/il/655f00/1824248823/il_570xN.1824248823_ol7t.jpg"
"46","Christopher Barber","amandarobinson@hotmail.com","pbkdf2:sha256:260000$1XExgQTfVSTTWX2k$bff2f06208ea192d33024a6379abd9deabf81edfb24847a712d7c806fe4d6cbb","Respond some significant specific city paper part.","https://st3.depositphotos.com/2800301/15669/i/450/depositphotos_156699968-stock-photo-brown-bear-russian-bear-wearing.jpg"
"47","Alexis Williams","gstone@yahoo.com","pbkdf2:sha256:260000$BORw78L4oJQGHWfw$7ab92965e89fcf15528b05dbb867efda3ef256988a12d15ab2a4d816493dd02f","Question indeed message picture study.","https://mir-s3-cdn-cf.behance.net/project_modules/max_1200/f6a4e742328863.57ca56f081e5e.jpg"
"48","Dawn Cannon","johnrivas@gmail.com","pbkdf2:sha256:260000$9Rel641nHx5D3kb0$f4c7936701c3266ded9126b845d7dd6a85624774bf6644f589e1ae32364592ba","Business worker professor wife get hospital.","https://64.media.tumblr.com/f97a02c170570472316ccc063ed96353/d7c6ab2412c90be0-0e/s540x810/16c02bec88f87e86805340f70bf3dfadbdf825b7.jpg"
"49","Francis Lynch","powelljudy@hotmail.com","pbkdf2:sha256:260000$j6zAmtvK2ZKPsIs1$cce74050f7d3cf30fa9d7f4221045e3211063161ae59f437a9266304e7c8e541","Thought early president board bring.","https://images.pexels.com/photos/247502/pexels-photo-247502.jpeg?auto=compress&cs=tinysrgb&w=1260&h=750&dpr=2"
"50","Albert Oconnor","edwardsryan@gmail.com","pbkdf2:sha256:260000$aIzwDhUvPQuUR0sY$8d2f8e0a1be6aed1d3b7a0095d9faa1d06d2b04591386e5f1cf0614e2e262ae4","Anything trial factor culture.","https://1.bp.blogspot.com/-S18BtoPojgY/YStGru4ieCI/AAAAAAABeXI/98hL291YN40WZVRcuRK_R3y1DM8rkCxIACLcBGAsYHQ/s16000/Time%2BFound%2BTails1.jpg"
"51","Daniel Bishop","hailey65@hotmail.com","pbkdf2:sha256:260000$tnx5V3h3iSzkvm1D$24280d749f207ab1029b6259b9052b593b1c377c0cd808d21fc7c04a938213ed","Subject yet forget open.","https://render.fineartamerica.com/images/images-profile-flow/400/images/artworkimages/mediumlarge/3/edwardian-gentleman-fox-michael-thomas.jpg"
"52","Glenda Maddox","danieldavidson@yahoo.com","pbkdf2:sha256:260000$qHNNvOaXuKSqm5Rx$7ddf95f84860fa8552cc50552459f4ac31fd5b50532ce328708614a088cab158","Position out already agent actually whose.","https://64.media.tumblr.com/fa9abe22433efda162f12b7191c1b8ad/89ff66914978230a-ed/s400x600/909415a7eb350782ddbcfd831f4b53ddfbbe02ff.jpg"
"53","Morgan Compton","andrewbauer@gmail.com","pbkdf2:sha256:260000$R9oELJ1pkl5FIrAN$2cd6d85b4b7f6183602f1e4c6f5cc9db1fea6f9205207fbd6a604beabfce5432","Bad character cost home.","https://static.boredpanda.com/blog/wp-content/uploads/2015/11/cute-snakes-wear-hats-106__700.jpg"
"54","Brent Hernandez","ferrellkeith@hotmail.com","pbkdf2:sha256:260000$nudSbhjvioJD4ZDR$980b8212fd2eeffd06031db3097081ec7673aadaf15339155fd85c61da163b05","Able report director pass machine want.","https://mir-s3-cdn-cf.behance.net/project_modules/max_1200/f6a4e742328863.57ca56f081e5e.jpg"
"55","Miranda Reid","tylerdavid@gmail.com","pbkdf2:sha256:260000$NZUeTDqP4g5kbLFW$b820bcc1cac631d6a6f1eb769854ee369117a472107f0bc712523edc94862ca6","Dark factor tell billion establish character.","https://i.imgur.com/MWPE8l3.jpeg"
"56","Jennifer Contreras","jasonday@yahoo.com","pbkdf2:sha256:260000$AT8hSJ6QvwjdfvKk$a695fd4826155e50e87fe1936b25862600383c16926202e22a615b85715c90f1","Theory bar allow.","https://img.freepik.com/premium-photo/chocolate-brown-newfoundland-wearing-top-hat_493961-1703.jpg"
"57","Karen Knox","shellyalvarez@yahoo.com","pbkdf2:sha256:260000$UWg3CwZLPrBwECSD$77aec92b5f6f9bd90436afe4afdee70e01f8d371779aa090b2536704532bad59","Protect owner strategy identify involve hospital capital.","https://ae01.alicdn.com/kf/S82dd04b8354e4d538eb5b1a2f92724efa/Small-Animals-Hats-Rabbit-Guinea-Pig-Hamster-Totoro-Hedgehog-Hat-And-Bow-Tie-Top-Hat-Pet.jpg"
"58","Tamara Sloan","andreatran@hotmail.com","pbkdf2:sha256:260000$lNrXwz3TOGzVeDna$913df313b554b9d68efb3bcb278ae31f7ae954060eaf72c3a47023d369ade3e4","Choice manage of catch theory hit.","https://i.imgur.com/MWPE8l3.jpeg"
"59","William Fowler","ronald84@yahoo.com","pbkdf2:sha256:260000$YJx3FDlAAkZy8Xdf$41e74d4553118e09da496ffb04d978ac444f08129aa3989fa51ab4f72f97f10c","Especially per east actually.","https://i.imgur.com/MWPE8l3.jpeg"
"60","Kelsey Christian","lisa79@yahoo.com","pbkdf2:sha256:260000$FnucLUEJ79lwVXzZ$1cd8fd4d25098e4203bbd624d809ec0ab29dbc44d898200900d4880a6d28c4bf","Former hear candidate poor Mr statement best.","https://64.media.tumblr.com/fa9abe22433efda162f12b7191c1b8ad/89ff66914978230a-ed/s400x600/909415a7eb350782ddbcfd831f4b53ddfbbe02ff.jpg"
"61","Tammy Peters","kayla85@hotmail.com","pbkdf2:sha256:260000$8mFdxpvpP55ZvE6i$0284a55d36813620e84364b95ba61b733f52b70e43737bfa2becb3214b622101","Foreign professor will themselves.","https://images.fineartamerica.com/images-medium-5/cute-dog-in-an-unusual-hat--vector-vitaly-grin.jpg"
"62","Meagan Graham","qwilliams@yahoo.com","pbkdf2:sha256:260000$jYx2z2PesHfm1QJL$ab7e07ded5c7e26dce9529f6c6a1ceabd5d20e06a6b5ff8ce3b5523e5affbea3","Such job single ability wide.","https://st3.depositphotos.com/2800301/15669/i/450/depositphotos_156699968-stock-photo-brown-bear-russian-bear-wearing.jpg"
"63","Tiffany Kim","snyderlauren@gmail.com","pbkdf2:sha256:260000$vHqEPqL1HPH6svfY$242d17c6f1a1441a1c6ccd30bb6151aeb9193010165549c3530260275bc2f52a","Bag rise pick suggest.","https://mir-s3-cdn-cf.behance.net/project_modules/max_1200/f6a4e742328863.57ca56f081e5e.jpg"
"64","Anthony Gill","brownkelly@yahoo.com","pbkdf2:sha256:260000$D7IqOCUk7OJkFOgp$759a2a2e0f213fe7b9413e72e0c85c16a71a2acccd4412115d033b0a65c0ae15","Case friend daughter.","https://images.pexels.com/photos/247502/pexels-photo-247502.jpeg?auto=compress&cs=tinysrgb&w=1260&h=750&dpr=2"
"65","Rhonda Blanchard","elizabethtaylor@hotmail.com","pbkdf2:sha256:260000$5BA5ZNjzh2sVHKxd$3460ba40c372542d1acfb682bef84afb33ce4ee09532e2848371c89aecf4d22a","First air thousand certain group professor.","https://i.imgur.com/0JwHWJy.jpg"
"66","Megan Mccall","pprice@yahoo.com","pbkdf2:sha256:260000$A1fZF95beXWWgwRN$b50da9871478b074653ebafbe64af4af216c5a062abb2a6fe0a13991e3653e4f","Particular present between color public return American magazine.","https://images.fineartamerica.com/images-medium-5/cute-dog-in-an-unusual-hat--vector-vitaly-grin.jpg"
"67","Megan Nash","savannahsoto@hotmail.com","pbkdf2:sha256:260000$Wo4Zy7d9l7aCymBW$eb22f2677143a9b4f4e9e20ec5ec340138e35c660ad8d249668d22e5910bf06e","Five admit play avoid few beat.","https://i.chzbgr.com/full/9563699200/hA5030140/hat"
"68","Phillip Pearson","abeltran@hotmail.com","pbkdf2:sha256:260000$rD6qptlwj3Qk1Xuv$7d3a508f674a5b4a2d7a915882777975ca5d32a265db179145536c0a51ed125e","Must point great tonight week like.","https://mir-s3-cdn-cf.behance.net/project_modules/max_1200/f6a4e742328863.57ca56f081e5e.jpg"
"69","Sharon Tucker","iwood@gmail.com","pbkdf2:sha256:260000$TamxDbOtl2Pmn9vt$25ef1b91d71c857c5885db02bd0e5fc0262c91d4ba5c69a8fcb72766b52aabde","Particular only his go entire change carry.","https://mir-s3-cdn-cf.behance.net/project_modules/max_1200/f6a4e742328863.57ca56f081e5e.jpg"
"70","Ronald Ferrell","mhiggins@hotmail.com","pbkdf2:sha256:260000$hvvm5koOsfdEr5z7$1058f0a1c63a35c233ab87dca289baed677bec8cd01224395a83a3dde579fc02","Whose own or white.","https://static.boredpanda.com/blog/wp-content/uploads/2015/11/cute-snakes-wear-hats-101__700.jpg"
"71","Ashley Martinez","jonathanellis@hotmail.com","pbkdf2:sha256:260000$EriU5JkDR1HLc6XC$0090bff34bfb86956f68cad42d1a7709267e2a922cdcdcbecd1161dafa491684","Would family now partner focus.","https://static.boredpanda.com/blog/wp-content/uploads/2015/11/cute-snakes-wear-hats-101__700.jpg"
"72","Michael Williams","jennifer64@gmail.com","pbkdf2:sha256:260000$ytVEIkKpS3yslYuZ$44ffcbaa92f48c8d24e07bffa4280dbf4714513ed9ea104c1330eb1b95c89428","Rate type police finally.","https://img.freepik.com/premium-photo/chocolate-brown-newfoundland-wearing-top-hat_493961-1703.jpg"
"73","Frank Stewart","shelly09@yahoo.com","pbkdf2:sha256:260000$BENgDjdoUqistCN7$c3ed89795eee5274b026d3f96f9fd2c91cbf9dc856670c8b97e901262f1b77e0","Address agent life true.","https://s7d2.scene7.com/is/image/TWCNews/0916_alligator_wildlifecenterwebsite_09162022"
"74","Sara Daniel","martin44@yahoo.com","pbkdf2:sha256:260000$PtOF4k4gSecmfdQX$0a8dbb6e83bed7b45892670fcad1f6a082ce31fa20912cfe985e1fc7fcd57d86","Record indicate wish compare.","https://amorphia-apparel.com/storage/images/sir-tardigrade/sir-tardigrade.1300x700.png?63d82fc46612ddd8001eae2947e6f9f0"
"75","Jason Hall","christopherwilson@hotmail.com","pbkdf2:sha256:260000$54dhHFP48nBK4jiG$753ae07a276618ff82d0ea59517dc88830d93066e6369211ef229db8f219b3c0","That figure bit data guy think.","https://i.imgur.com/MWPE8l3.jpeg"
"76","Greg Taylor","barrettbarbara@gmail.com","pbkdf2:sha256:260000$F1OR7yrGwgUY8H94$d7eccb76e4d2dc9827938cf831c7a5cd42dc6de447a80077b165eb5228327ec7","Our company address edge compare stand evening whom.","https://64.media.tumblr.com/fa9abe22433efda162f12b7191c1b8ad/89ff66914978230a-ed/s400x600/909415a7eb350782ddbcfd831f4b53ddfbbe02ff.jpg"
"77","Kimberly Park","michael74@yahoo.com","pbkdf2:sha256:260000$CS2uNzuBlt14kbUE$d2f58401f82b4b38041b4d1d240ae56ad0e8aa310f61d66e77eaa84266a80ece","Follow few if available sister truth.","https://metro.co.uk/wp-content/uploads/2014/07/ad_141155444.jpg?quality=90&strip=all"
"78","Rebecca Jacobson","ethomas@gmail.com","pbkdf2:sha256:260000$4fMlMF4NEhToxtIr$ec2bab9baaec4b199481e7738dfe1c808f69a0be863c3b75c7d8a6ed08c81556","Campaign financial animal while kid chair maybe.","https://thumbs.dreamstime.com/b/wild-bear-portrait-animal-head-grizzly-bowler-hat-215607557.jpg"
"79","Kevin Edwards","claytonperry@yahoo.com","pbkdf2:sha256:260000$tfBIl95WEnFSrjF1$ea5d4b24a133a57c3308ac18102920751b383de68d88d49fcacf6e48b546b275","Law much modern condition a through use.","https://amorphia-apparel.com/storage/images/sir-tardigrade/sir-tardigrade.1300x700.png?63d82fc46612ddd8001eae2947e6f9f0"
"80","Michael Smith","rodriguezbrandon@gmail.com","pbkdf2:sha256:260000$Lf13qgOrNTFA8Rlc$829912dd71a513476f3e4bdb9d47dab87b7a207dfb7040d6b456f671b9781d23","Figure kid course risk meeting activity do account.","https://i.pinimg.com/originals/5d/2f/7e/5d2f7e9e7148efbce1ddc0c512cab312.jpg"
"81","Misty Henry","kellyerika@yahoo.com","pbkdf2:sha256:260000$SEb9ZG1PIErKmwv7$f997bea16a8b1f9f1044b1c2d7f7da3c8dd71c7263710c4a1e1fad35a8efb19b","Yet outside now store over book community.","https://st3.depositphotos.com/2800301/15669/i/450/depositphotos_156699968-stock-photo-brown-bear-russian-bear-wearing.jpg"
"82","Dr. Nicholas Hill IV","hillshelley@gmail.com","pbkdf2:sha256:260000$Cb0gDs6XjeFSDk9w$d82bd6cc63f82b7e264929e408aadc7612f454094204bc348bb88a21c33c918b","Before enjoy life inside see wait.","https://i.imgur.com/MWPE8l3.jpeg"
"83","Alexis Phillips","tyler75@hotmail.com","pbkdf2:sha256:260000$I8NAKfVklOBCCVca$39cba703e035374879d8f8aa21947ea6816c7117cd845fb0efd179f34845af7f","Boy while tough reach.","https://static.boredpanda.com/blog/wp-content/uploads/2015/11/cute-snakes-wear-hats-106__700.jpg"
"84","Kimberly Reyes","katie46@yahoo.com","pbkdf2:sha256:260000$SCHlfGD3I1v82IMx$4b35b83b279a8b0e4e6fa1acb40b63c3b8f89cdc7e2902f3a6b05c2ed08d3ac0","Find sound join region conference lawyer care.","https://ae01.alicdn.com/kf/S82dd04b8354e4d538eb5b1a2f92724efa/Small-Animals-Hats-Rabbit-Guinea-Pig-Hamster-Totoro-Hedgehog-Hat-And-Bow-Tie-Top-Hat-Pet.jpg"
"85","Kathy Baldwin","jacksonlori@gmail.com","pbkdf2:sha256:260000$Yt4RfSPSUEtT0MxR$5680658d3b7d8eac2b002c1b86e8f10764dd9dbd0da80ecd4bc92bc6ca02c0c9","Civil in step guess pattern production face if.","https://i.pinimg.com/originals/5d/2f/7e/5d2f7e9e7148efbce1ddc0c512cab312.jpg"
"86","Beverly Hall","mcculloughjeff@yahoo.com","pbkdf2:sha256:260000$fDHl7OwZjpEMmxSs$f72eb8588145f8e7d231c3e4185d797a685ec1d67a6d18ec462511cabe3f202c","Situation star although skill.","https://i.etsystatic.com/9981514/r/il/655f00/1824248823/il_570xN.1824248823_ol7t.jpg"
"87","Samantha Taylor","timosborne@hotmail.com","pbkdf2:sha256:260000$i4sSbppSkRPx0IZp$403dff674541f438196588516d4e86261f7d313fd0b8ada3384c3c9abc796b03","End anything side low.","https://images.fineartamerica.com/images-medium-5/cute-dog-in-an-unusual-hat--vector-vitaly-grin.jpg"
"88","Kelli Davis","bradycynthia@hotmail.com","pbkdf2:sha256:260000$0g5Tdh0KUOadTMXE$b43e50990b9e0a965d624ff1e34b49ab262fa1ec7630850ff77ef90ead03d5d5","Mission score stay question population process future.","https://i.imgur.com/0JwHWJy.jpg"
"89","Andrew Smith","williamsmichelle@yahoo.com","pbkdf2:sha256:260000$iULOVjuyNokJrqmS$139403e6ccb6385d0de7024dfc45944e226d84e58772ebbd0c71255735d2fe4b","Second listen western treatment early wait agency change.","https://i.chzbgr.com/full/9563699200/hA5030140/hat"
"90","David Beck","charles26@gmail.com","pbkdf2:sha256:260000$oCVY51megNPso2w6$332b8b587c2bb6b8b1e24428393a5b3c3412a34c7344936d82db3e5ff7681a98","Bill situation war way happy.","https://i.etsystatic.com/5218985/c/2153/1711/0/386/il/4bc26a/2843345880/il_570xN.2843345880_933c.jpg"
"91","Benjamin Pena Jr.","marywagner@yahoo.com","pbkdf2:sha256:260000$KCtG93IgInGrkEhU$1d230d98de1adbe62958943891188dd1ff2e5da42c761e87dbfc0d23f078a0b1","Nor book list fire.","https://ae01.alicdn.com/kf/S82dd04b8354e4d538eb5b1a2f92724efa/Small-Animals-Hats-Rabbit-Guinea-Pig-Hamster-Totoro-Hedgehog-Hat-And-Bow-Tie-Top-Hat-Pet.jpg"
"92","Kevin Clarke","david98@gmail.com","pbkdf2:sha256:260000$ySXW11sBTfrCdN0y$b8b40f54788e4e9c16d62519fdc1f0df43f780659013d8d8020b859185f93a73","Kind development impact plant conference and perform.","https://img.freepik.com/premium-photo/chocolate-brown-newfoundland-wearing-top-hat_493961-1703.jpg"
"93","Stephanie Montgomery","dickersonvanessa@gmail.com","pbkdf2:sha256:260000$RGZmPu4ULO26amil$f98889049a08644583d2e3057288888847719c4457261533dea1fa3b6d3f8494","Gun go base sign this strong.","https://img1.goodfon.com/wallpaper/nbig/a/2e/kot-koshka-pan-kot-uchenyy.jpg"
"94","Cory Watson","zball@gmail.com","pbkdf2:sha256:260000$mYX656AmsJin8dFY$c841ff004bf931f76f6b10a5086e019c786e33527d04712f4fa518f15dd6a3d5","Along son make time since.","https://images.pexels.com/photos/247502/pexels-photo-247502.jpeg?auto=compress&cs=tinysrgb&w=1260&h=750&dpr=2"
"95","Charles Beard","christopherreyes@yahoo.com","pbkdf2:sha256:260000$vK5eaB7KsAtnpnBJ$dbe6486f27433c60cf4275269433a0fd350c720ac3db6f947858c419fe0c340d","Explain call newspaper get newspaper ready country.","https://img1.goodfon.com/wallpaper/nbig/a/2e/kot-koshka-pan-kot-uchenyy.jpg"
"96","Elizabeth Singh","wjimenez@hotmail.com","pbkdf2:sha256:260000$HolDD1ZRUnCDpfSp$4d327be796b4dcf5914e68e23027c1b4e72fe73aadb9cb6f65353565cd04dd1b","Large myself carry garden.","https://thumbs.dreamstime.com/b/grizzly-bear-big-wild-bear-wearing-cylinder-top-hat-vintage-style-drawing-animal-94276749.jpg"
"97","Jeffrey Robles","toddgonzalez@gmail.com","pbkdf2:sha256:260000$7YJaLYGePM3jIXJF$3f4a30add8f8aa7caf823d39ebddd37a37ec212df95da4b49e177cfc7936b0ae","Food study hit.","https://i.chzbgr.com/full/9563699200/hA5030140/hat"
"98","William Delacruz","jcarter@hotmail.com","pbkdf2:sha256:260000$4zWF9JXGwZh1bvbt$a070bb50e74aaaa5d0f4805ac8cfa91d159fdb8a19e590667c9f06c146893c7d","Natural indicate early quality meet.","https://static.boredpanda.com/blog/wp-content/uploads/2015/11/cute-snakes-wear-hats-101__700.jpg"
"99","Michael Peters","timothyschultz@yahoo.com","pbkdf2:sha256:260000$vb9OxxPMLuoXjuBX$6eb892d311304e6dc4d982419734a23d050acb9b92e0cf341b572003520db3fb","Important visit article audience story debate.","https://metro.co.uk/wp-content/uploads/2014/07/ad_141155444.jpg?quality=90&strip=all"
